Иванов Иван Иванович;Audi A6;10.02.2023;Н124ОО98;
Петров Петр Петрович;kia;12.12.2012;А932ХС11;
Отт Данил Сергеевич;Datsun on-do;23.10.2022;Р211РС777;
Лыткина Диана Валерьевна;Huinday Elantra;30.09.2023;С999АА05;
Стальмаков Артём Дмитреивич;Ferarri F8;13.10.2023;О111ОО77;
Домрачев Илья Николаевич;BMW 530i;17.04.2019;vv;О777ЕР78;
Юдин Алексей Владимирович;Ford Focus;24.03.2023;С485СК123;
Дедков Дамир Данилович;Lada 2107;07.10.2023;М038СК75;
Налов Богдлан Андреевич;Mercedes w140;05.05.2005;А873ТВ174;
Габибов Самир;Lamborghini Huracan;29.09.2023;Р827ЕЕ65;
Соболев Илья Викторович;Proshe Macan;08.12.2023;Р659РР59;
Чупров Андрей Владиславович;toyota mark II;19.03.2022;В533ОМ43;
Антонов Антон Антонович;Chevrolet Camaro;15.08.2023;О567СО11;
Беляева Екатерина Сергеевна;Nissan Qashqai;02.11.2022;К321ТА44;
Григорьев Григорий Григорьевич;Volkswagen Golf;18.06.2023;У987УН66;
Данилова Евгения Павловна;Renault Megane;07.09.2023;Н765ОС23;
Ефремов Егор Валерьевич;Hyundai Tucson;11.05.2022;А456ТО89;
Захарова Зоя Игоревна;Mazda CX-5;26.12.2023;Т111ВР54;
Исаев Илья Александрович;Subaru Outback;14.08.2023;Р333АТ78;
Ковалев Кирилл Сергеевич;Jeep Wrangler;09.04.2022;С678СУ34;
Лебедева Любовь Анатольевна;Peugeot 308;03.03.2023;Е234РЕ12;
Максимов Михаил Игоревич;Lexus RX;20.07.2022;У765ОУ56;
Николаев Никита Валентинович;Acura MDX;05.09.2023;О890КН21;
Орлов Олег Владимирович;Jaguar F-PACE;22.11.2022;К456АХ32;
Павлов Павел Павлович;Suzuki Vitara;16.01.2022;С789УС10;
Романов Роман Романович;Chrysler 300C;28.06.2023;Р234ОР43;
Семенов Семен Семенович;Volvo XC60;10.10.2022;В567ОВ87;
Тарасов Тимур Тимурович;Infiniti Q50;01.04.2023;Н678ОН09;
Ушакова Ульяна Артемовна;Land Rover Discovery;12.09.2022;О345УО76;
Федоров Федор Федорович;Mitsubishi Outlander;09.12.2023;М876МО54;
Харитонов Харитон Харитонович;Tesla Model 3;04.07.2022;Т987ЕТ32;
Цветков Цветко Цветкович;Porsche Cayenne;14.05.2023;С543СА21;
Чернов Чернослив Чернович;GMC Yukon;27.08.2022;У111УУ65;
Шевченко Шевченко Шевченкович;Nissan Murano;19.11.2023;Н234АА45;
Щербакова Щербак Щербаковна;Ford Mustang;08.06.2022;А765ВТ98;
Эдуардов Эдуард Эдуардович;Aston Martin DB11;03.09.2023;О321ОО23;
Юрьев Юрий Юрьевич;Chevrolet Tahoe;16.12.2022;Е876МЕ78;
Яковлева Яков Яковлевна;Dodge Challenger;25.04.2023;У456УТ57;
Антонова Анна Антоновна;Volkswagen Tiguan;11.08.2022;С890УС67;
Белов Борис Борисович;Maserati Levante;07.01.2023;В456СВ34;
Герасимов Герасим Герасимович;Honda Accord;22.05.2023;А987ХА11;
Данилов Данила Данилович;Acura RDX;14.07.2022;О567ОМ43;
Евдокимова Евдокия Евдокимовна;Jeep Grand Cherokee;29.09.2023;Р111ОР78;
Жуков Жук Жукович;Subaru Impreza;05.03.2022;В333СВ89;
Зайцев Заира Зайцевич;Toyota Camry;18.10.2023;К555ТК11;
Исаков Исак Исакович;Lexus ES;27.11.2022;М222ОМ54;
Казаков Казак Казакович;Audi Q5;09.08.2023;А444ОА32;
Лебедев Лев Львович;Kia Sportage;02.12.2022;С789ВС21;
Марков Марк Маркович;Hyundai Santa Fe;16.06.2023;У654УХ76;
Носов Нос Носович;Ford Explorer;20.04.2022;Е321НЕ43;
Осипов Осип Осипович;Mercedes-Benz GLE;12.09.2023;О876ОВ12;
Петров Петр Петрович;Nissan Pathfinder;07.03.2022;Н987АН23;
Романов Роман Романович;Land Rover Range Rover;29.08.2023;Р654РР09;
Сидоров Сидор Сидорович;BMW X5;14.01.2022;С222ОС54;
Третьяков Третий Третьевич;Porsche 911;26.05.2023;Т111ОТ32;
Уваров Увар Уварович;Volvo XC90;18.11.2022;У789УС87;
Федосеев Федосей Федосеевич;Tesla Model S;03.07.2023;Ф321ФФ65;
Харламов Харлам Харламович;Chevrolet Silverado;22.12.2022;С876СС45;
Цветков Цвет Цветкович;Audi Q7;09.05.2023;Ц567УЦ98;
Чернов Чернозем Чернович;Lamborghini Aventador;14.08.2022;Е111ОЕ54;
Антонов Антон Антонович;Chevrolet Camaro;15.08.2023;О567СО11;
Беляева Екатерина Сергеевна;Nissan Qashqai;02.11.2022;К321ТА44;
Григорьев Григорий Григорьевич;Volkswagen Golf;18.06.2023;У987УН66;
Данилова Евгения Павловна;Renault Megane;07.09.2023;Н765ОС23;
Ефремов Егор Валерьевич;Hyundai Tucson;11.05.2022;А456ТО89;
Захарова Зоя Игоревна;Mazda CX-5;26.12.2023;Т111ВР54;
Исаев Илья Александрович;Subaru Outback;14.08.2023;Р333АТ78;
Ковалев Кирилл Сергеевич;Jeep Wrangler;09.04.2022;С678СУ34;
Лебедева Любовь Анатольевна;Peugeot 308;03.03.2023;Е234РЕ12;
Максимов Михаил Игоревич;Lexus RX;20.07.2022;У765ОУ56;
Николаев Никита Валентинович;Acura MDX;05.09.2023;О890КН21;
Орлов Олег Владимирович;Jaguar F-PACE;22.11.2022;К456АХ32;
Павлов Павел Павлович;Suzuki Vitara;16.01.2022;С789УС10;
Романов Роман Романович;Chrysler 300C;28.06.2023;Р234ОР43;
Семенов Семен Семенович;Volvo XC60;10.10.2022;В567ОВ87;
Тарасов Тимур Тимурович;Infiniti Q50;01.04.2023;Н678ОН09;
Ушакова Ульяна Артемовна;Land Rover Discovery;12.09.2022;О345УО76;
Федоров Федор Федорович;Mitsubishi Outlander;09.12.2023;М876МО54;
Харитонов Харитон Харитонович;Tesla Model 3;04.07.2022;Т987ЕТ32;
Цветков Цветко Цветкович;Porsche Cayenne;14.05.2023;С543СА21;
Чернов Чернослив Чернович;GMC Yukon;27.08.2022;У111УУ65;